name,email,phone
Dale Thomas,dalethomas@gmail.com,+4420 74960949
Nigel Miah,nigelmiah@hotmail.com,+44(0)117 4960722
Hannah Gray,hannahgray@gmail.com,+44(0)1632960953
Hollie Conway,hollieconway@yahoo.com,(029)2018050
Lynne Davies,lynnedavies@hotmail.com,(0161) 496 0988
Patricia Reid,patriciareid@yahoo.com,01214960939
Martyn Robinson,martynrobinson@gmail.com,+44(0)909 879 0635
Roy Davies,roydavies@gmail.com,+44(0)20 74960410
Karen Anderson,karenanderson@hotmail.com,+44(0)9098790173
Jodie Nolan,jodienolan@yahoo.com,+44151 4960740
Joshua Edwards,joshuaedwards@gmail.com,0116 4960076
Lynda Stanley,lyndastanley@yahoo.com,(0114) 496 0491
Stewart McDonald,stewartmcdonald@gmail.com,(0115)4960637
Henry Garner,henrygarner@hotmail.com,+44(0)116 4960425
Joyce Carter,joycecarter@hotmail.com,+441174960383
Hazel Bennett,hazelbennett@hotmail.com,0292018345
Emily Harris,emilyharris@hotmail.com,(0114) 496 0855
Amy Murphy,amymurphy@yahoo.com,+44191 496 0951
Mitchell Thornton,mitchellthornton@yahoo.com,+441144960179
Kevin Alexander,kevinalexander@hotmail.com,(0909)8790407
Roger Griffiths,rogergriffiths@yahoo.com,+44115 4960278
Bradley Kaur,bradleykaur@hotmail.com,+441614960796
Barbara Atkinson,barbaraatkinson@hotmail.com,+44808 157 0317
Jennifer Butler,jenniferbutler@gmail.com,0161 496 0834
Tina Cunningham,tinacunningham@yahoo.com,(0116) 4960873
Jean Dodd,jeandodd@hotmail.com,+44(0)131 4960068
Cameron Morgan,cameronmorgan@yahoo.com,0289018167
Tracey Ellis,traceyellis@hotmail.com,0113 4960924
Abdul Allan,abdulallan@gmail.com,01164960139
Lucy Arnold,lucyarnold@yahoo.com,+44(0)115 496 0000
Gary Gardner,garygardner@hotmail.com,+44(0)1632960352
Glenn Anderson,glennanderson@gmail.com,+442074960873
Timothy Booth,timothybooth@gmail.com,0131 496 0749
John Banks,johnbanks@yahoo.com,+44(0)1174960422
Allan Yates,allanyates@gmail.com,+44(0)28 9018 0464
Scott Robinson,scottrobinson@hotmail.com,+441632 960 514
Louis Ball,louisball@gmail.com,+44(0)9098790446
Ashley Ahmed,ashleyahmed@gmail.com,028 9018835
Alison Saunders,alisonsaunders@hotmail.com,+44(0)28 9018917
Lesley Stephens,lesleystephens@yahoo.com,(0161) 4960304
Stewart Gardner,stewartgardner@gmail.com,+44118 496 0121
Phillip Archer,philliparcher@hotmail.com,+44114 4960468
Kevin Holden,kevinholden@gmail.com,+44(0)115 496 0023
Stewart Marshall,stewartmarshall@yahoo.com,+44909 8790027
Michelle Williams,michellewilliams@gmail.com,(0191) 496 0293
James Cook,jamescook@gmail.com,+441914960661
Bradley Charlton,bradleycharlton@hotmail.com,+44(0)20 74960621
Aimee Hilton,aimeehilton@yahoo.com,+44(0)141 496 0129
Tina Chapman,tinachapman@hotmail.com,0141 496 0833
Maureen Sims,maureensims@yahoo.com,+44(0)161 4960820
Lynda Hopkins,lyndahopkins@yahoo.com,+44(0)808 1570503
Neil Hamilton,neilhamilton@yahoo.com,+44(0)141 496 0428
Katherine Davey,katherinedavey@hotmail.com,0118 496 0904
Sara Law,saralaw@gmail.com,0306 9990819
Bruce Moore,brucemoore@hotmail.com,(0114) 496 0832
Beverley Simmons,beverleysimmons@hotmail.com,0121 496 0718
Ross Owens,rossowens@gmail.com,+44(0)1184960851
Kevin Porter,kevinporter@yahoo.com,0141 4960460
Karl Morris,karlmorris@yahoo.com,0191 4960125
Stephanie Ward,stephanieward@hotmail.com,+44(0)1414960516
Abigail Moss,abigailmoss@hotmail.com,01614960618
Adrian Jones,adrianjones@gmail.com,0118 496 0503
Gavin Heath,gavinheath@yahoo.com,(0161)4960257
Rebecca Wood,rebeccawood@hotmail.com,+44(0)1632 960256
Josephine Andrews,josephineandrews@gmail.com,+44116 496 0899
Jodie George,jodiegeorge@yahoo.com,(0909) 8790735
Clare Field,clarefield@yahoo.com,01154960025
Molly Collins,mollycollins@gmail.com,0131 4960228
Victor Duffy,victorduffy@hotmail.com,+44116 496 0589
Heather Tucker,heathertucker@yahoo.com,(0191) 496 0963
Ben Holmes,benholmes@hotmail.com,+441632 960599
Carl Stone,carlstone@yahoo.com,+44(0)117 4960189
Dorothy Ford,dorothyford@yahoo.com,0121 496 0649
Charlotte Daly,charlottedaly@yahoo.com,+4420 7496 0717
Chloe Savage,chloesavage@gmail.com,+44(0)3069990524
Kathleen Reynolds,kathleenreynolds@gmail.com,+44121 496 0142
Joanne Williamson,joannewilliamson@hotmail.com,(0121) 496 0356
Gerard Bentley,gerardbentley@hotmail.com,+44(0)9098790526
Donald Hunt,donaldhunt@gmail.com,+44(0)118 496 0675
Mark Booth,markbooth@hotmail.com,+44(0)1154960469
Vincent Bryant,vincentbryant@hotmail.com,+44(0)1154960180
Toby Reid,tobyreid@hotmail.com,01632 960 643
Mandy Reynolds,mandyreynolds@hotmail.com,+441164960207
Billy O'Neill,billyo'neill@yahoo.com,+44114 4960411
Hayley Marshall,hayleymarshall@hotmail.com,+44121 4960110
Cameron Miller,cameronmiller@yahoo.com,+441184960620
Karen Woodward,karenwoodward@yahoo.com,+44808 1570649
Danielle Ali,danielleali@yahoo.com,+441632960099
Amelia Sullivan,ameliasullivan@yahoo.com,(028) 9018042
Damien Price,damienprice@yahoo.com,+443069990732
Kathryn Martin,kathrynmartin@hotmail.com,(0161)4960365
Brian Murray,brianmurray@gmail.com,0161 4960946
